username,password_hash,email,name
usertt,1a1dc91c907325c69271ddf0c944bc72,wdw@ds,dwd
user,5f4dcc3b5aa765d61d8327deb882cf99,ollie.loney95@gmail.com,ollie
ollie,1a1dc91c907325c69271ddf0c944bc72,ollie.loney95@gmail.com,ollie
username,1a1dc91c907325c69271ddf0c944bc72,ollie.loney95@gmail.com,ollie
usernam,1a1dc91c907325c69271ddf0c944bc72,kbhkj@,n
ce,8399d88e3293cc89cacc1d735af12810,wce,cwe
rfeferf,e84d08f4a15ac57b806986ce2676d51b,erf,refr
usus,229da043140a249b194ce5119e274173,erf@,refr
23d,c8a17d74590dcf86ef4aef8c9f9686e4,ewc,23d
,d41d8cd98f00b204e9800998ecf8427e,,
wef,2d917f5d1275e96fd75e6352e26b1387,wef,efwf
evev,593dd037100840e8be25af71d12778b8,erv,rev
erfer,9ef48c4c95e0a598906adc44fbcf9b1f,ref,rf
re,114c1a13ef24e600434a683b9ee9f7f1,ref,rf
rerfrefref,114c1a13ef24e600434a683b9ee9f7f1,ref,rf
r,2aa3a5835854786d8310663cf445351c,erf,re
red,2d364b491efc530623720c59fa3c30da,erf,erf
userna,1a1dc91c907325c69271ddf0c944bc72,oldfer@,pa
holly,60cf2f55688d81110aed274bcbf7c59b,nbvdjcdw@nhv,h
